"DateTime";"Custom Sensor"
"2026-09-20 21:30:00";-0,453
"2026-09-20 21:35:00";-0,448
"2026-09-20 21:40:00";-0,446
"2026-09-20 21:45:00";-0,449
"2026-09-20 21:50:00";-0,448
"2026-09-20 21:55:00";-0,435
"2026-09-20 22:00:00";-0,447
"2026-09-20 22:05:00";-0,453
"2026-09-20 22:10:00";-0,452
"2026-09-20 22:15:00";-0,451
"2026-09-20 22:20:00";-0,441
"2026-09-20 22:25:00";-0,448
"2026-09-20 22:30:00";-0,447
"2026-09-20 22:35:00";-0,448
"2026-09-20 22:40:00";-0,444
"2026-09-20 22:45:00";-0,448
"2026-09-20 22:50:00";-0,452
"2026-09-20 22:55:00";-0,435
"2026-09-20 23:00:00";-0,449
"2026-09-20 23:05:00";-0,449
"2026-09-20 23:10:00";-0,449
"2026-09-20 23:15:00";-0,449
"2026-09-20 23:20:00";-0,443
"2026-09-20 23:25:00";-0,449
"2026-09-20 23:30:00";-0,438
"2026-09-20 23:35:00";-0,449
"2026-09-20 23:40:00";-0,443
"2026-09-20 23:45:00";-0,454
"2026-09-20 23:50:00";-0,452
"2026-09-20 23:55:00";-0,451
"2026-09-21 00:00:00";-0,451
"2026-09-21 00:05:00";-0,447
"2026-09-21 00:10:00";-0,448
"2026-09-21 00:15:00";-0,447
"2026-09-21 00:20:00";-0,45
"2026-09-21 00:25:00";-0,443
"2026-09-21 00:30:00";-0,456
"2026-09-21 00:35:00";-0,448
"2026-09-21 00:40:00";-0,445
"2026-09-21 00:45:00";-0,434
"2026-09-21 00:50:00";-0,447
"2026-09-21 00:55:00";-0,449
"2026-09-21 01:00:00";-0,442
"2026-09-21 01:05:00";-0,448
"2026-09-21 01:10:00";-0,447
"2026-09-21 01:15:00";-0,448
"2026-09-21 01:20:00";-0,448
"2026-09-21 01:25:00";-0,44
"2026-09-21 01:30:00";-0,446
"2026-09-21 01:35:00";-0,449
"2026-09-21 01:40:00";-0,443
"2026-09-21 01:45:00";-0,455
"2026-09-21 01:50:00";-0,447
"2026-09-21 01:55:00";-0,458
"2026-09-21 02:00:00";-0,43
"2026-09-21 02:05:00";-0,447
"2026-09-21 02:10:00";-0,448
"2026-09-21 02:15:00";-0,449
"2026-09-21 02:20:00";-0,447
"2026-09-21 02:25:00";-0,445
"2026-09-21 02:30:00";-0,431
"2026-09-21 02:35:00";-0,446
"2026-09-21 02:40:00";-0,448
"2026-09-21 02:45:00";-0,448
"2026-09-21 02:50:00";-0,446
"2026-09-21 02:55:00";-0,438
"2026-09-21 03:00:00";-0,447
"2026-09-21 03:05:00";-0,446
"2026-09-21 03:10:00";-0,447
"2026-09-21 03:15:00";-0,448
"2026-09-21 03:20:00";-0,447
"2026-09-21 03:25:00";-0,448
"2026-09-21 03:30:00";-0,448
"2026-09-21 03:35:00";-0,442
"2026-09-21 03:40:00";-0,449
"2026-09-21 03:45:00";-0,448
"2026-09-21 03:50:00";-0,448
"2026-09-21 03:55:00";-0,447
"2026-09-21 04:00:00";-0,448
"2026-09-21 04:05:00";-0,448
"2026-09-21 04:10:00";-0,444
"2026-09-21 04:15:00";-0,435
"2026-09-21 04:20:00";-0,452
"2026-09-21 04:25:00";-0,446
"2026-09-21 04:30:00";-0,45
"2026-09-21 04:35:00";-0,448
"2026-09-21 04:40:00";-0,446
"2026-09-21 04:45:00";-0,447
"2026-09-21 04:50:00";-0,448
"2026-09-21 04:55:00";-0,441
"2026-09-21 05:00:00";-0,446
"2026-09-21 05:05:00";-0,441
"2026-09-21 05:10:00";-0,444
"2026-09-21 05:15:00";-0,45
"2026-09-21 05:20:00";-0,445
"2026-09-21 05:25:00";-0,448
"2026-09-21 05:30:00";-0,445
"2026-09-21 05:35:00";-0,447
"2026-09-21 05:40:00";-0,448
"2026-09-21 05:45:00";-0,458
"2026-09-21 05:50:00";-0,446
"2026-09-21 05:55:00";-0,448
"2026-09-21 06:00:00";-0,448
"2026-09-21 06:05:00";-0,431
"2026-09-21 06:10:00";-0,446
"2026-09-21 06:15:00";-0,447
"2026-09-21 06:20:00";-0,442
"2026-09-21 06:25:00";-0,449
"2026-09-21 06:30:00";-0,447
"2026-09-21 06:35:00";-0,447
"2026-09-21 06:40:00";-0,443
"2026-09-21 06:45:00";-0,447
"2026-09-21 06:50:00";-0,446
"2026-09-21 06:55:00";-0,461
"2026-09-21 07:00:00";-0,463
"2026-09-21 07:05:00";-0,461
"2026-09-21 07:10:00";-0,459
"2026-09-21 07:15:00";-0,444
"2026-09-21 07:20:00";-0,448
"2026-09-21 07:25:00";-0,433
"2026-09-21 07:30:00";-0,452
"2026-09-21 07:35:00";-0,354
"2026-09-21 07:40:00";-0,344
"2026-09-21 07:45:00";-0,257
"2026-09-21 07:50:00";-0,159
"2026-09-21 07:55:00";-0,081
"2026-09-21 08:00:00";-0,027
"2026-09-21 08:05:00";0,047
"2026-09-21 08:10:00";0,137
"2026-09-21 08:15:00";0,123
"2026-09-21 08:20:00";0,276
"2026-09-21 08:25:00";0,259
"2026-09-21 08:30:00";0,362
"2026-09-21 08:35:00";0,359
"2026-09-21 08:40:00";0,343
"2026-09-21 08:45:00";0,355
"2026-09-21 08:50:00";0,348
"2026-09-21 08:55:00";0,433
"2026-09-21 09:00:00";0,538
"2026-09-21 09:05:00";0,672
"2026-09-21 09:10:00";0,786
"2026-09-21 09:15:00";0,961
"2026-09-21 09:20:00";1,108
"2026-09-21 09:25:00";1,233
"2026-09-21 09:30:00";1,289
"2026-09-21 09:35:00";1,212
"2026-09-21 09:40:00";1,263
"2026-09-21 09:45:00";1,41
"2026-09-21 09:50:00";1,575
"2026-09-21 09:55:00";1,611
"2026-09-21 10:00:00";1,685
"2026-09-21 10:05:00";1,823
"2026-09-21 10:10:00";1,824
"2026-09-21 10:15:00";1,886
"2026-09-21 10:20:00";2,254
"2026-09-21 10:25:00";2,833
"2026-09-21 10:30:00";2,831
"2026-09-21 10:35:00";2,836
"2026-09-21 10:40:00";2,83
"2026-09-21 10:45:00";2,827
"2026-09-21 10:50:00";2,791
"2026-09-21 10:55:00";2,676
"2026-09-21 11:00:00";2,563
"2026-09-21 11:05:00";2,463
"2026-09-21 11:10:00";2,325
"2026-09-21 11:15:00";2,191
"2026-09-21 11:20:00";2,16
"2026-09-21 11:25:00";2,273
"2026-09-21 11:30:00";2,072
"2026-09-21 11:35:00";1,896
"2026-09-21 11:40:00";1,825
"2026-09-21 11:45:00";1,773
"2026-09-21 11:50:00";1,822
"2026-09-21 11:55:00";1,788
"2026-09-21 12:00:00";1,759
"2026-09-21 12:05:00";1,724
"2026-09-21 12:10:00";1,682
"2026-09-21 12:15:00";1,655
"2026-09-21 12:20:00";1,608
"2026-09-21 12:25:00";1,584
"2026-09-21 12:30:00";1,552
"2026-09-21 12:35:00";1,526
"2026-09-21 12:40:00";1,48
"2026-09-21 12:45:00";1,399
"2026-09-21 12:50:00";0,439
"2026-09-21 12:55:00";0,943
"2026-09-21 13:00:00";0,923
"2026-09-21 13:05:00";0,862
"2026-09-21 13:10:00";0,871
"2026-09-21 13:15:00";0,83
"2026-09-21 13:20:00";0,809
"2026-09-21 13:25:00";0,788
"2026-09-21 13:30:00";0,796
"2026-09-21 13:35:00";0,759
"2026-09-21 13:40:00";0,728
"2026-09-21 13:45:00";0,749
"2026-09-21 13:50:00";0,726
"2026-09-21 13:55:00";0,722
"2026-09-21 14:00:00";0,692
"2026-09-21 14:05:00";0,667
"2026-09-21 14:10:00";0,685
"2026-09-21 14:15:00";0,672
"2026-09-21 14:20:00";0,675
"2026-09-21 14:25:00";0,629
"2026-09-21 14:30:00";0,617
"2026-09-21 14:35:00";0,635
"2026-09-21 14:40:00";0,647
"2026-09-21 14:45:00";0,596
"2026-09-21 14:50:00";0,64
"2026-09-21 14:55:00";0,589
"2026-09-21 15:00:00";0,646
"2026-09-21 15:05:00";0,573
"2026-09-21 15:10:00";0,551
"2026-09-21 15:15:00";0,588
"2026-09-21 15:20:00";0,584
"2026-09-21 15:25:00";0,541
"2026-09-21 15:30:00";0,553
"2026-09-21 15:35:00";0,585
"2026-09-21 15:40:00";0,535
"2026-09-21 15:45:00";0,572
"2026-09-21 15:50:00";0,533
"2026-09-21 15:55:00";0,575
"2026-09-21 16:00:00";0,542
"2026-09-21 16:05:00";0,547
"2026-09-21 16:10:00";0,508
"2026-09-21 16:15:00";0,513
"2026-09-21 16:20:00";0,565
"2026-09-21 16:25:00";0,508
"2026-09-21 16:30:00";0,505
"2026-09-21 16:35:00";0,513
"2026-09-21 16:40:00";0,504
"2026-09-21 16:45:00";0,531
"2026-09-21 16:50:00";0,517
"2026-09-21 16:55:00";0,508
"2026-09-21 17:00:00";0,501
"2026-09-21 17:05:00";0,515
"2026-09-21 17:10:00";0,525
"2026-09-21 17:15:00";0,519
"2026-09-21 17:20:00";0,557
"2026-09-21 17:25:00";0,543
"2026-09-21 17:30:00";0,497
"2026-09-21 17:35:00";0,492
"2026-09-21 17:40:00";0,495
"2026-09-21 17:45:00";0,534
"2026-09-21 17:50:00";0,531
"2026-09-21 17:55:00";0,497
"2026-09-21 18:00:00";0,496
"2026-09-21 18:05:00";0,488
"2026-09-21 18:10:00";0,524
"2026-09-21 18:15:00";0,515
"2026-09-21 18:20:00";0,516
"2026-09-21 18:25:00";0,503
"2026-09-21 18:30:00";0,458
"2026-09-21 18:35:00";0,5
"2026-09-21 18:40:00";0,485
"2026-09-21 18:45:00";0,506
"2026-09-21 18:50:00";0,416
"2026-09-21 18:55:00";0,433
"2026-09-21 19:00:00";0,389
"2026-09-21 19:05:00";0,289
"2026-09-21 19:10:00";0,187
"2026-09-21 19:15:00";0,006
"2026-09-21 19:20:00";-0,27
"2026-09-21 19:25:00";-0,309
"2026-09-21 19:30:00";-0,427
"2026-09-21 19:35:00";-0,444
"2026-09-21 19:40:00";-0,469
"2026-09-21 19:45:00";-0,471
"2026-09-21 19:50:00";-0,458
"2026-09-21 19:55:00";-0,481
"2026-09-21 20:00:00";-0,46
"2026-09-21 20:05:00";-0,465
"2026-09-21 20:10:00";-0,459
"2026-09-21 20:15:00";-0,438
"2026-09-21 20:20:00";-0,449
"2026-09-21 20:25:00";-0,45
"2026-09-21 20:30:00";-0,444
"2026-09-21 20:35:00";-0,45
"2026-09-21 20:40:00";-0,448
"2026-09-21 20:45:00";-0,449
"2026-09-21 20:50:00";-0,447
"2026-09-21 20:55:00";-0,446
"2026-09-21 21:00:00";-0,447
"2026-09-21 21:05:00";-0,46
"2026-09-21 21:10:00";-0,449
"2026-09-21 21:15:00";-0,448
"2026-09-21 21:20:00";-0,434
"2026-09-21 21:25:00";-0,449
"2026-09-21 21:30:00";-0,447
"2026-09-21 21:35:00";-0,447
"2026-09-21 21:40:00";-0,447
"2026-09-21 21:45:00";-0,448
"2026-09-21 21:50:00";-0,442
"2026-09-21 21:55:00";-0,448
"2026-09-21 22:00:00";-0,439
"2026-09-21 22:05:00";-0,448
"2026-09-21 22:10:00";-0,446
"2026-09-21 22:15:00";-0,447
"2026-09-21 22:20:00";-0,448
"2026-09-21 22:25:00";-0,445
"2026-09-21 22:30:00";-0,446
"2026-09-21 22:35:00";-0,446
"2026-09-21 22:40:00";-0,442
"2026-09-21 22:45:00";-0,448
"2026-09-21 22:50:00";-0,447
"2026-09-21 22:55:00";-0,445
"2026-09-21 23:00:00";-0,449
"2026-09-21 23:05:00";-0,45
"2026-09-21 23:10:00";-0,448
"2026-09-21 23:15:00";-0,449
"2026-09-21 23:20:00";-0,446
"2026-09-21 23:25:00";-0,446
"2026-09-21 23:30:00";-0,452
"2026-09-21 23:35:00";-0,441
"2026-09-21 23:40:00";-0,448
"2026-09-21 23:45:00";-0,448
"2026-09-21 23:50:00";-0,446
"2026-09-21 23:55:00";-0,45
"2026-09-22 00:00:00";-0,444
"2026-09-22 00:05:00";-0,447
"2026-09-22 00:10:00";-0,436
"2026-09-22 00:15:00";-0,446
"2026-09-22 00:20:00";-0,445
"2026-09-22 00:25:00";-0,448
"2026-09-22 00:30:00";-0,449
"2026-09-22 00:35:00";-0,447
"2026-09-22 00:40:00";-0,447
"2026-09-22 00:45:00";-0,45
"2026-09-22 00:50:00";-0,44
"2026-09-22 00:55:00";-0,46
"2026-09-22 01:00:00";-0,447
"2026-09-22 01:05:00";-0,447
"2026-09-22 01:10:00";-0,447
"2026-09-22 01:15:00";-0,449
"2026-09-22 01:20:00";-0,443
"2026-09-22 01:25:00";-0,448
"2026-09-22 01:30:00";-0,447
"2026-09-22 01:35:00";-0,448
"2026-09-22 01:40:00";-0,448
"2026-09-22 01:45:00";-0,45
"2026-09-22 01:50:00";-0,447
"2026-09-22 01:55:00";-0,448
"2026-09-22 02:00:00";-0,445
"2026-09-22 02:05:00";-0,439
"2026-09-22 02:10:00";-0,447
"2026-09-22 02:15:00";-0,452
"2026-09-22 02:20:00";-0,445
"2026-09-22 02:25:00";-0,442
"2026-09-22 02:30:00";-0,447
"2026-09-22 02:35:00";-0,445
"2026-09-22 02:40:00";-0,446
"2026-09-22 02:45:00";-0,447
"2026-09-22 02:50:00";-0,447
"2026-09-22 02:55:00";-0,447
"2026-09-22 03:00:00";-0,445
"2026-09-22 03:05:00";-0,447
"2026-09-22 03:10:00";-0,437
"2026-09-22 03:15:00";-0,447
"2026-09-22 03:20:00";-0,446
"2026-09-22 03:25:00";-0,447
"2026-09-22 03:30:00";-0,443
"2026-09-22 03:35:00";-0,449
"2026-09-22 03:40:00";-0,438
"2026-09-22 03:45:00";-0,448
"2026-09-22 03:50:00";-0,434
"2026-09-22 03:55:00";-0,446
"2026-09-22 04:00:00";-0,448
"2026-09-22 04:05:00";-0,447
"2026-09-22 04:10:00";-0,447
"2026-09-22 04:15:00";-0,455
"2026-09-22 04:20:00";-0,441
"2026-09-22 04:25:00";-0,446
"2026-09-22 04:30:00";-0,446
"2026-09-22 04:35:00";-0,446
"2026-09-22 04:40:00";-0,448
"2026-09-22 04:45:00";-0,455
"2026-09-22 04:50:00";-0,445
"2026-09-22 04:55:00";-0,447
"2026-09-22 05:00:00";-0,448
"2026-09-22 05:05:00";-0,394
"2026-09-22 05:10:00";-0,442
"2026-09-22 05:15:00";-0,447
"2026-09-22 05:20:00";-0,449
"2026-09-22 05:25:00";-0,447
"2026-09-22 05:30:00";-0,447
"2026-09-22 05:35:00";-0,431
"2026-09-22 05:40:00";-0,447
"2026-09-22 05:45:00";-0,429
"2026-09-22 05:50:00";-0,447
"2026-09-22 05:55:00";-0,45
"2026-09-22 06:00:00";-0,446
"2026-09-22 06:05:00";-0,446
"2026-09-22 06:10:00";-0,43
"2026-09-22 06:15:00";-0,447
"2026-09-22 06:20:00";-0,442
"2026-09-22 06:25:00";-0,446
"2026-09-22 06:30:00";-0,439
"2026-09-22 06:35:00";-0,445
"2026-09-22 06:40:00";-0,449
"2026-09-22 06:45:00";-0,448
"2026-09-22 06:50:00";-0,446
"2026-09-22 06:55:00";-0,463
"2026-09-22 07:00:00";-0,457
"2026-09-22 07:05:00";-0,459
"2026-09-22 07:10:00";-0,457
"2026-09-22 07:15:00";-0,456
"2026-09-22 07:20:00";-0,447
"2026-09-22 07:25:00";-0,43
"2026-09-22 07:30:00";-0,445
"2026-09-22 07:35:00";-0,426
"2026-09-22 07:40:00";-0,352
"2026-09-22 07:45:00";-0,275
"2026-09-22 07:50:00";-0,295
"2026-09-22 07:55:00";-0,258
"2026-09-22 08:00:00";-0,239
"2026-09-22 08:05:00";-0,155
"2026-09-22 08:10:00";-0,163
"2026-09-22 08:15:00";-0,135
"2026-09-22 08:20:00";-0,099
"2026-09-22 08:25:00";-0,068
"2026-09-22 08:30:00";-0,04
"2026-09-22 08:35:00";-0,046
"2026-09-22 08:40:00";0,012
"2026-09-22 08:45:00";-0,034
"2026-09-22 08:50:00";0,029
"2026-09-22 08:55:00";0,062
"2026-09-22 09:00:00";0,027
"2026-09-22 09:05:00";0,04
"2026-09-22 09:10:00";0,064
"2026-09-22 09:15:00";0,089
"2026-09-22 09:20:00";0,126
"2026-09-22 09:25:00";0,1
"2026-09-22 09:30:00";0,146
"2026-09-22 09:35:00";0,185
"2026-09-22 09:40:00";0,177
"2026-09-22 09:45:00";0,184
"2026-09-22 09:50:00";0,242
"2026-09-22 09:55:00";0,236
"2026-09-22 10:00:00";0,206
"2026-09-22 10:05:00";0,305
"2026-09-22 10:10:00";0,301
"2026-09-22 10:15:00";0,336
"2026-09-22 10:20:00";0,508
"2026-09-22 10:25:00";2,841
"2026-09-22 10:30:00";2,842
"2026-09-22 10:35:00";2,837
"2026-09-22 10:40:00";2,831
"2026-09-22 10:45:00";2,845
"2026-09-22 10:50:00";2,837
"2026-09-22 10:55:00";2,838
"2026-09-22 11:00:00";2,834
"2026-09-22 11:05:00";2,833
"2026-09-22 11:10:00";2,833
"2026-09-22 11:15:00";2,833
"2026-09-22 11:20:00";2,83
"2026-09-22 11:25:00";2,783
"2026-09-22 11:30:00";2,686
"2026-09-22 11:35:00";2,568
"2026-09-22 11:40:00";2,473
"2026-09-22 11:45:00";2,452
"2026-09-22 11:50:00";2,357
"2026-09-22 11:55:00";2,266
"2026-09-22 12:00:00";2,204
"2026-09-22 12:05:00";2,129
"2026-09-22 12:10:00";2,046
"2026-09-22 12:15:00";1,991
"2026-09-22 12:20:00";1,934
"2026-09-22 12:25:00";1,868
"2026-09-22 12:30:00";1,823
"2026-09-22 12:35:00";1,773
"2026-09-22 12:40:00";1,672
"2026-09-22 12:45:00";1,661
"2026-09-22 12:50:00";1,611
"2026-09-22 12:55:00";1,595
"2026-09-22 13:00:00";1,587
"2026-09-22 13:05:00";1,564
"2026-09-22 13:10:00";1,516
"2026-09-22 13:15:00";1,482
"2026-09-22 13:20:00";1,462
"2026-09-22 13:25:00";0,687
"2026-09-22 13:30:00";0,957
"2026-09-22 13:35:00";0,929
"2026-09-22 13:40:00";0,901
"2026-09-22 13:45:00";0,821
"2026-09-22 13:50:00";0,854
"2026-09-22 13:55:00";0,829
"2026-09-22 14:00:00";0,81
"2026-09-22 14:05:00";0,777
"2026-09-22 14:10:00";0,767
"2026-09-22 14:15:00";0,748
"2026-09-22 14:20:00";0,729
"2026-09-22 14:25:00";0,717
"2026-09-22 14:30:00";0,706
"2026-09-22 14:35:00";0,7
"2026-09-22 14:40:00";0,673
"2026-09-22 14:45:00";0,687
"2026-09-22 14:50:00";0,649
"2026-09-22 14:55:00";0,671
"2026-09-22 15:00:00";0,652
"2026-09-22 15:05:00";0,635
"2026-09-22 15:10:00";0,645
"2026-09-22 15:15:00";0,631
"2026-09-22 15:20:00";0,625
"2026-09-22 15:25:00";0,617
"2026-09-22 15:30:00";0,584
"2026-09-22 15:35:00";0,573
"2026-09-22 15:40:00";0,583
"2026-09-22 15:45:00";0,569
"2026-09-22 15:50:00";0,587
"2026-09-22 15:55:00";0,622
"2026-09-22 16:00:00";0,55
"2026-09-22 16:05:00";0,576
"2026-09-22 16:10:00";0,537
"2026-09-22 16:15:00";0,54
"2026-09-22 16:20:00";0,611
"2026-09-22 16:25:00";0,545
"2026-09-22 16:30:00";0,527
"2026-09-22 16:35:00";0,525
"2026-09-22 16:40:00";0,531
"2026-09-22 16:45:00";0,56
"2026-09-22 16:50:00";0,557
"2026-09-22 16:55:00";0,528
"2026-09-22 17:00:00";0,524
"2026-09-22 17:05:00";0,505
"2026-09-22 17:10:00";0,323
"2026-09-22 17:15:00";0,34
"2026-09-22 17:20:00";0,342
"2026-09-22 17:25:00";0,311
"2026-09-22 17:30:00";0,309
"2026-09-22 17:35:00";0,283
"2026-09-22 17:40:00";0,259
"2026-09-22 17:45:00";0,245
"2026-09-22 17:50:00";0,209
"2026-09-22 17:55:00";0,224
"2026-09-22 18:00:00";0,188
"2026-09-22 18:05:00";0,189
"2026-09-22 18:10:00";0,153
"2026-09-22 18:15:00";0,119
"2026-09-22 18:20:00";0,097
"2026-09-22 18:25:00";0,084
"2026-09-22 18:30:00";0,043
"2026-09-22 18:35:00";0,032
"2026-09-22 18:40:00";-0,033
"2026-09-22 18:45:00";-0,035
"2026-09-22 18:50:00";-0,119
"2026-09-22 18:55:00";-0,113
"2026-09-22 19:00:00";-0,165
"2026-09-22 19:05:00";-0,204
"2026-09-22 19:10:00";-0,246
"2026-09-22 19:15:00";-0,261
"2026-09-22 19:20:00";-0,345
"2026-09-22 19:25:00";-0,406
"2026-09-22 19:30:00";-0,397
"2026-09-22 19:35:00";-0,449
"2026-09-22 19:40:00";-0,464
"2026-09-22 19:45:00";-0,474
"2026-09-22 19:50:00";-0,467
"2026-09-22 19:55:00";-0,461
"2026-09-22 20:00:00";-0,471
"2026-09-22 20:05:00";-0,448
"2026-09-22 20:10:00";-0,464
"2026-09-22 20:15:00";-0,451
"2026-09-22 20:20:00";-0,449
"2026-09-22 20:25:00";-0,448
"2026-09-22 20:30:00";-0,447
"2026-09-22 20:35:00";-0,448
"2026-09-22 20:40:00";-0,448
"2026-09-22 20:45:00";-0,452
"2026-09-22 20:50:00";-0,448
"2026-09-22 20:55:00";-0,45
"2026-09-22 21:00:00";-0,447
"2026-09-22 21:05:00";-0,448
"2026-09-22 21:10:00";-0,45
"2026-09-22 21:15:00";-0,447
"2026-09-22 21:20:00";-0,445
"2026-09-22 21:25:00";-0,448
"2026-09-22 21:30:00";-0,447
"2026-09-22 21:35:00";-0,446
"2026-09-22 21:40:00";-0,448
"2026-09-22 21:45:00";-0,447
"2026-09-22 21:50:00";-0,447
"2026-09-22 21:55:00";-0,447
"2026-09-22 22:00:00";-0,446
"2026-09-22 22:05:00";-0,447
"2026-09-22 22:10:00";-0,448
"2026-09-22 22:15:00";-0,433
"2026-09-22 22:20:00";-0,447
"2026-09-22 22:25:00";-0,449
"2026-09-22 22:30:00";-0,447
"2026-09-22 22:35:00";-0,446
"2026-09-22 22:40:00";-0,448
"2026-09-22 22:45:00";-0,445
"2026-09-22 22:50:00";-0,444
"2026-09-22 22:55:00";-0,447
"2026-09-22 23:00:00";-0,448
"2026-09-22 23:05:00";-0,448
"2026-09-22 23:10:00";-0,446
"2026-09-22 23:15:00";-0,448
"2026-09-22 23:20:00";-0,436
"2026-09-22 23:25:00";-0,446
"2026-09-22 23:30:00";-0,447
"2026-09-22 23:35:00";-0,444
"2026-09-22 23:40:00";-0,461
"2026-09-22 23:45:00";-0,452
"2026-09-22 23:50:00";-0,45
"2026-09-22 23:55:00";-0,447
"2026-09-23 00:00:00";-0,448
"2026-09-23 00:05:00";-0,447
"2026-09-23 00:10:00";-0,442
"2026-09-23 00:15:00";-0,45
"2026-09-23 00:20:00";-0,446
"2026-09-23 00:25:00";-0,447
"2026-09-23 00:30:00";-0,447
"2026-09-23 00:35:00";-0,447
"2026-09-23 00:40:00";-0,446
"2026-09-23 00:45:00";-0,452
"2026-09-23 00:50:00";-0,446
"2026-09-23 00:55:00";-0,448
"2026-09-23 01:00:00";-0,447
"2026-09-23 01:05:00";-0,446
"2026-09-23 01:10:00";-0,445
"2026-09-23 01:15:00";-0,446
"2026-09-23 01:20:00";-0,445
"2026-09-23 01:25:00";-0,448
"2026-09-23 01:30:00";-0,447
"2026-09-23 01:35:00";-0,446
"2026-09-23 01:40:00";-0,448
"2026-09-23 01:45:00";-0,447
"2026-09-23 01:50:00";-0,445
"2026-09-23 01:55:00";-0,447
"2026-09-23 02:00:00";-0,447
"2026-09-23 02:05:00";-0,446
"2026-09-23 02:10:00";-0,449
"2026-09-23 02:15:00";-0,448
"2026-09-23 02:20:00";-0,448
"2026-09-23 02:25:00";-0,446
"2026-09-23 02:30:00";-0,45
"2026-09-23 02:35:00";-0,447
"2026-09-23 02:40:00";-0,45
"2026-09-23 02:45:00";-0,44
"2026-09-23 02:50:00";-0,447
"2026-09-23 02:55:00";-0,445
"2026-09-23 03:00:00";-0,444
"2026-09-23 03:05:00";-0,448
"2026-09-23 03:10:00";-0,447
"2026-09-23 03:15:00";-0,448
"2026-09-23 03:20:00";-0,446
"2026-09-23 03:25:00";-0,446
"2026-09-23 03:30:00";-0,459
"2026-09-23 03:35:00";-0,437
"2026-09-23 03:40:00";-0,447
"2026-09-23 03:45:00";-0,445
"2026-09-23 03:50:00";-0,445
"2026-09-23 03:55:00";-0,448
"2026-09-23 04:00:00";-0,446
"2026-09-23 04:05:00";-0,449
"2026-09-23 04:10:00";-0,438
"2026-09-23 04:15:00";-0,445
"2026-09-23 04:20:00";-0,438
"2026-09-23 04:25:00";-0,446
"2026-09-23 04:30:00";-0,443
"2026-09-23 04:35:00";-0,447
"2026-09-23 04:40:00";-0,447
"2026-09-23 04:45:00";-0,442
"2026-09-23 04:50:00";-0,448
"2026-09-23 04:55:00";-0,439
"2026-09-23 05:00:00";-0,445
"2026-09-23 05:05:00";-0,446
"2026-09-23 05:10:00";-0,448
"2026-09-23 05:15:00";-0,45
"2026-09-23 05:20:00";-0,446
"2026-09-23 05:25:00";-0,449
"2026-09-23 05:30:00";-0,439
"2026-09-23 05:35:00";-0,448
"2026-09-23 05:40:00";-0,434
"2026-09-23 05:45:00";-0,445
"2026-09-23 05:50:00";-0,446
"2026-09-23 05:55:00";-0,449
"2026-09-23 06:00:00";-0,446
"2026-09-23 06:05:00";-0,447
"2026-09-23 06:10:00";-0,447
"2026-09-23 06:15:00";-0,444
"2026-09-23 06:20:00";-0,448
"2026-09-23 06:25:00";-0,446
"2026-09-23 06:30:00";-0,447
"2026-09-23 06:35:00";-0,448
"2026-09-23 06:40:00";-0,448
"2026-09-23 06:45:00";-0,446
"2026-09-23 06:50:00";-0,446
"2026-09-23 06:55:00";-0,463
"2026-09-23 07:00:00";-0,463
"2026-09-23 07:05:00";-0,459
"2026-09-23 07:10:00";-0,444
"2026-09-23 07:15:00";-0,451
"2026-09-23 07:20:00";-0,457
"2026-09-23 07:25:00";-0,428
"2026-09-23 07:30:00";-0,446
"2026-09-23 07:35:00";-0,422
"2026-09-23 07:40:00";-0,407
"2026-09-23 07:45:00";-0,299
"2026-09-23 07:50:00";-0,284
"2026-09-23 07:55:00";-0,237
"2026-09-23 08:00:00";-0,251
"2026-09-23 08:05:00";-0,154
"2026-09-23 08:10:00";-0,157
"2026-09-23 08:15:00";-0,164
"2026-09-23 08:20:00";-0,12
"2026-09-23 08:25:00";-0,055
"2026-09-23 08:30:00";-0,08
"2026-09-23 08:35:00";-0,072
"2026-09-23 08:40:00";0,023
"2026-09-23 08:45:00";-0,047
"2026-09-23 08:50:00";0,025
"2026-09-23 08:55:00";-0,014
"2026-09-23 09:00:00";0,046
"2026-09-23 09:05:00";0,027
"2026-09-23 09:10:00";0,062
"2026-09-23 09:15:00";0,074
"2026-09-23 09:20:00";0,133
"2026-09-23 09:25:00";0,125
"2026-09-23 09:30:00";0,096
"2026-09-23 09:35:00";0,14
"2026-09-23 09:40:00";0,197
"2026-09-23 09:45:00";0,14
"2026-09-23 09:50:00";0,207
"2026-09-23 09:55:00";0,246
"2026-09-23 10:00:00";0,241
"2026-09-23 10:05:00";0,296
"2026-09-23 10:10:00";0,282
"2026-09-23 10:15:00";0,34
"2026-09-23 10:20:00";0,411
"2026-09-23 10:25:00";1,036
"2026-09-23 10:30:00";2,847
"2026-09-23 10:35:00";2,835
"2026-09-23 10:40:00";2,832
"2026-09-23 10:45:00";2,832
"2026-09-23 10:50:00";2,835
"2026-09-23 10:55:00";2,835
"2026-09-23 11:00:00";2,835
"2026-09-23 11:05:00";2,832
"2026-09-23 11:10:00";2,828
"2026-09-23 11:15:00";2,83
"2026-09-23 11:20:00";2,842
"2026-09-23 11:25:00";2,83
"2026-09-23 11:30:00";2,769
"2026-09-23 11:35:00";2,545
"2026-09-23 11:40:00";2,439
"2026-09-23 11:45:00";2,346
"2026-09-23 11:50:00";2,302
"2026-09-23 11:55:00";2,205
"2026-09-23 12:00:00";2,124
"2026-09-23 12:05:00";2,056
"2026-09-23 12:10:00";2,099
"2026-09-23 12:15:00";2,041
"2026-09-23 12:20:00";1,884
"2026-09-23 12:25:00";1,912
"2026-09-23 12:30:00";1,806
"2026-09-23 12:35:00";1,798
"2026-09-23 12:40:00";1,779
"2026-09-23 12:45:00";1,707
"2026-09-23 12:50:00";1,562
"2026-09-23 12:55:00";1,543
"2026-09-23 13:00:00";1,604
"2026-09-23 13:05:00";1,6
"2026-09-23 13:10:00";1,583
"2026-09-23 13:15:00";1,59
"2026-09-23 13:20:00";1,526
"2026-09-23 13:25:00";1,487
"2026-09-23 13:30:00";1,488
"2026-09-23 13:35:00";0,955
"2026-09-23 13:40:00";0,932
"2026-09-23 13:45:00";0,857
"2026-09-23 13:50:00";0,886
"2026-09-23 13:55:00";0,871
"2026-09-23 14:00:00";0,823
"2026-09-23 14:05:00";0,813
"2026-09-23 14:10:00";0,785
"2026-09-23 14:15:00";0,771
"2026-09-23 14:20:00";0,792
"2026-09-23 14:25:00";0,769
"2026-09-23 14:30:00";0,749
"2026-09-23 14:35:00";0,75
"2026-09-23 14:40:00";0,733
"2026-09-23 14:45:00";0,727
"2026-09-23 14:50:00";0,719
"2026-09-23 14:55:00";0,717
"2026-09-23 15:00:00";0,704
"2026-09-23 15:05:00";0,657
"2026-09-23 15:10:00";0,678
"2026-09-23 15:15:00";0,648
"2026-09-23 15:20:00";0,641
"2026-09-23 15:25:00";0,636
"2026-09-23 15:30:00";0,602
"2026-09-23 15:35:00";0,599
"2026-09-23 15:40:00";0,62
"2026-09-23 15:45:00";0,582
"2026-09-23 15:50:00";0,582
"2026-09-23 15:55:00";0,584
"2026-09-23 16:00:00";0,565
"2026-09-23 16:05:00";0,543
"2026-09-23 16:10:00";0,55
"2026-09-23 16:15:00";0,535
"2026-09-23 16:20:00";0,539
"2026-09-23 16:25:00";0,538
"2026-09-23 16:30:00";0,516
"2026-09-23 16:35:00";0,524
"2026-09-23 16:40:00";0,52
"2026-09-23 16:45:00";0,521
"2026-09-23 16:50:00";0,523
"2026-09-23 16:55:00";0,509
"2026-09-23 17:00:00";0,507
"2026-09-23 17:05:00";0,514
"2026-09-23 17:10:00";0,329
"2026-09-23 17:15:00";0,308
"2026-09-23 17:20:00";0,289
"2026-09-23 17:25:00";0,296
"2026-09-23 17:30:00";0,245
"2026-09-23 17:35:00";0,24
"2026-09-23 17:40:00";0,234
"2026-09-23 17:45:00";0,236
"2026-09-23 17:50:00";0,191
"2026-09-23 17:55:00";0,191
"2026-09-23 18:00:00";0,154
"2026-09-23 18:05:00";0,168
"2026-09-23 18:10:00";0,159
"2026-09-23 18:15:00";0,077
"2026-09-23 18:20:00";0,111
"2026-09-23 18:25:00";0,101
"2026-09-23 18:30:00";0,073
"2026-09-23 18:35:00";-0,048
"2026-09-23 18:40:00";-0,021
"2026-09-23 18:45:00";0,03
"2026-09-23 18:50:00";0,069
"2026-09-23 18:55:00";0,159
"2026-09-23 19:00:00";0,266
"2026-09-23 19:05:00";0,206
"2026-09-23 19:10:00";0,049
"2026-09-23 19:15:00";-0,098
"2026-09-23 19:20:00";-0,176
"2026-09-23 19:25:00";-0,291
"2026-09-23 19:30:00";-0,419
"2026-09-23 19:35:00";-0,446
"2026-09-23 19:40:00";-0,471
"2026-09-23 19:45:00";-0,452
"2026-09-23 19:50:00";-0,458
"2026-09-23 19:55:00";-0,459
"2026-09-23 20:00:00";-0,463
"2026-09-23 20:05:00";-0,465
"2026-09-23 20:10:00";-0,448
"2026-09-23 20:15:00";-0,45
"2026-09-23 20:20:00";-0,447
"2026-09-23 20:25:00";-0,448
"2026-09-23 20:30:00";-0,449
"2026-09-23 20:35:00";-0,447
"2026-09-23 20:40:00";-0,448
"2026-09-23 20:45:00";-0,448
"2026-09-23 20:50:00";-0,447
"2026-09-23 20:55:00";-0,446
"2026-09-23 21:00:00";-0,45
"2026-09-23 21:05:00";-0,446
"2026-09-23 21:10:00";-0,446
"2026-09-23 21:15:00";-0,447
"2026-09-23 21:20:00";-0,447
"2026-09-23 21:25:00";-0,449
"2026-09-23 21:30:00";-0,448
"2026-09-23 21:35:00";-0,448
"2026-09-23 21:40:00";-0,442
"2026-09-23 21:45:00";-0,448
"2026-09-23 21:50:00";-0,448
"2026-09-23 21:55:00";-0,448
"2026-09-23 22:00:00";-0,446
"2026-09-23 22:05:00";-0,448
"2026-09-23 22:10:00";-0,448
"2026-09-23 22:15:00";-0,44
"2026-09-23 22:20:00";-0,448
"2026-09-23 22:25:00";-0,447
"2026-09-23 22:30:00";-0,445
"2026-09-23 22:35:00";-0,447
"2026-09-23 22:40:00";-0,464
"2026-09-23 22:45:00";-0,447
"2026-09-23 22:50:00";-0,447
"2026-09-23 22:55:00";-0,447
"2026-09-23 23:00:00";-0,448
"2026-09-23 23:05:00";-0,449
"2026-09-23 23:10:00";-0,449
"2026-09-23 23:15:00";-0,441
"2026-09-23 23:20:00";-0,446
"2026-09-23 23:25:00";-0,448
"2026-09-23 23:30:00";-0,449
"2026-09-23 23:35:00";-0,453
"2026-09-23 23:40:00";-0,447
"2026-09-23 23:45:00";-0,453
"2026-09-23 23:50:00";-0,449
"2026-09-23 23:55:00";-0,449
"2026-09-24 00:00:00";-0,45
"2026-09-24 00:05:00";-0,448
"2026-09-24 00:10:00";-0,448
"2026-09-24 00:15:00";-0,449
"2026-09-24 00:20:00";-0,448
"2026-09-24 00:25:00";-0,445
"2026-09-24 00:30:00";-0,446
"2026-09-24 00:35:00";-0,446
"2026-09-24 00:40:00";-0,447
"2026-09-24 00:45:00";-0,449
"2026-09-24 00:50:00";-0,447
"2026-09-24 00:55:00";-0,451
"2026-09-24 01:00:00";-0,448
"2026-09-24 01:05:00";-0,447
"2026-09-24 01:10:00";-0,447
"2026-09-24 01:15:00";-0,447
"2026-09-24 01:20:00";-0,447
"2026-09-24 01:25:00";-0,447
"2026-09-24 01:30:00";-0,447
"2026-09-24 01:35:00";-0,446
"2026-09-24 01:40:00";-0,449
"2026-09-24 01:45:00";-0,446
"2026-09-24 01:50:00";-0,448
"2026-09-24 01:55:00";-0,45
"2026-09-24 02:00:00";-0,449
"2026-09-24 02:05:00";-0,447
"2026-09-24 02:10:00";-0,447
"2026-09-24 02:15:00";-0,45
"2026-09-24 02:20:00";-0,448
"2026-09-24 02:25:00";-0,448
"2026-09-24 02:30:00";-0,458
"2026-09-24 02:35:00";-0,447
"2026-09-24 02:40:00";-0,447
"2026-09-24 02:45:00";-0,446
"2026-09-24 02:50:00";-0,447
"2026-09-24 02:55:00";-0,447
"2026-09-24 03:00:00";-0,447
"2026-09-24 03:05:00";-0,449
"2026-09-24 03:10:00";-0,448
"2026-09-24 03:15:00";-0,448
"2026-09-24 03:20:00";-0,448
"2026-09-24 03:25:00";-0,445
"2026-09-24 03:30:00";-0,446
"2026-09-24 03:35:00";-0,448
"2026-09-24 03:40:00";-0,447
"2026-09-24 03:45:00";-0,447
"2026-09-24 03:50:00";-0,447
"2026-09-24 03:55:00";-0,45
"2026-09-24 04:00:00";-0,447
"2026-09-24 04:05:00";-0,447
"2026-09-24 04:10:00";-0,446
"2026-09-24 04:15:00";-0,448
"2026-09-24 04:20:00";-0,449
"2026-09-24 04:25:00";-0,447
"2026-09-24 04:30:00";-0,447
"2026-09-24 04:35:00";-0,447
"2026-09-24 04:40:00";-0,445
"2026-09-24 04:45:00";-0,449
"2026-09-24 04:50:00";-0,447
"2026-09-24 04:55:00";-0,447
"2026-09-24 05:00:00";-0,447
"2026-09-24 05:05:00";-0,447
"2026-09-24 05:10:00";-0,447
"2026-09-24 05:15:00";-0,446
"2026-09-24 05:20:00";-0,449
"2026-09-24 05:25:00";-0,446
"2026-09-24 05:30:00";-0,445
"2026-09-24 05:35:00";-0,447
"2026-09-24 05:40:00";-0,448
"2026-09-24 05:45:00";-0,447
"2026-09-24 05:50:00";-0,446
"2026-09-24 05:55:00";-0,446
"2026-09-24 06:00:00";-0,447
"2026-09-24 06:05:00";-0,447
"2026-09-24 06:10:00";-0,447
"2026-09-24 06:15:00";-0,446
"2026-09-24 06:20:00";-0,457
"2026-09-24 06:25:00";-0,447
"2026-09-24 06:30:00";-0,446
"2026-09-24 06:35:00";-0,447
"2026-09-24 06:40:00";-0,446
"2026-09-24 06:45:00";-0,448
"2026-09-24 06:50:00";-0,447
"2026-09-24 06:55:00";-0,447
"2026-09-24 07:00:00";-0,461
"2026-09-24 07:05:00";-0,46
"2026-09-24 07:10:00";-0,459
"2026-09-24 07:15:00";-0,458
"2026-09-24 07:20:00";-0,452
"2026-09-24 07:25:00";-0,453
"2026-09-24 07:30:00";-0,441
"2026-09-24 07:35:00";-0,416
"2026-09-24 07:40:00";-0,282
"2026-09-24 07:45:00";-0,26
"2026-09-24 07:50:00";-0,15
"2026-09-24 07:55:00";-0,175
"2026-09-24 08:00:00";-0,118
"2026-09-24 08:05:00";-0,136
"2026-09-24 08:10:00";-0,052
"2026-09-24 08:15:00";0,125
"2026-09-24 08:20:00";0,219
"2026-09-24 08:25:00";0,233
"2026-09-24 08:30:00";0,331
"2026-09-24 08:35:00";0,367
"2026-09-24 08:40:00";0,416
"2026-09-24 08:45:00";0,554
"2026-09-24 08:50:00";0,707
"2026-09-24 08:55:00";0,856
"2026-09-24 09:00:00";1,056
"2026-09-24 09:05:00";1,317
"2026-09-24 09:10:00";1,616
"2026-09-24 09:15:00";1,872
"2026-09-24 09:20:00";2
"2026-09-24 09:25:00";2,078
"2026-09-24 09:30:00";2,315
"2026-09-24 09:35:00";2,612
"2026-09-24 09:40:00";2,782
"2026-09-24 09:45:00";2,759
"2026-09-24 09:50:00";2,672
"2026-09-24 09:55:00";2,743
"2026-09-24 10:00:00";2,828
"2026-09-24 10:05:00";2,82
"2026-09-24 10:10:00";2,651
"2026-09-24 10:15:00";2,793
"2026-09-24 10:20:00";2,663
"2026-09-24 10:25:00";2,547
"2026-09-24 10:30:00";2,324
"2026-09-24 10:35:00";2,223
"2026-09-24 10:40:00";2,125
"2026-09-24 10:45:00";2,046
"2026-09-24 10:50:00";1,968
"2026-09-24 10:55:00";1,908
"2026-09-24 11:00:00";1,889
"2026-09-24 11:05:00";1,861
"2026-09-24 11:10:00";1,813
"2026-09-24 11:15:00";1,777
"2026-09-24 11:20:00";1,757
"2026-09-24 11:25:00";1,693
"2026-09-24 11:30:00";1,658
"2026-09-24 11:35:00";1,609
"2026-09-24 11:40:00";1,564
"2026-09-24 11:45:00";1,529
"2026-09-24 11:50:00";1,474
"2026-09-24 11:55:00";1,494
"2026-09-24 12:00:00";1,447
"2026-09-24 12:05:00";1,475
"2026-09-24 12:10:00";1,406
"2026-09-24 12:15:00";1,405
"2026-09-24 12:20:00";0,94
"2026-09-24 12:25:00";0,919
"2026-09-24 12:30:00";0,877
"2026-09-24 12:35:00";0,837
"2026-09-24 12:40:00";0,815
"2026-09-24 12:45:00";0,781
"2026-09-24 12:50:00";0,769
"2026-09-24 12:55:00";0,763
"2026-09-24 13:00:00";0,724
"2026-09-24 13:05:00";0,711
"2026-09-24 13:10:00";0,692
"2026-09-24 13:15:00";0,699
"2026-09-24 13:20:00";0,661
"2026-09-24 13:25:00";0,667
"2026-09-24 13:30:00";0,668
"2026-09-24 13:35:00";0,641
"2026-09-24 13:40:00";0,638
"2026-09-24 13:45:00";0,611
"2026-09-24 13:50:00";0,606
"2026-09-24 13:55:00";0,592
"2026-09-24 14:00:00";0,6
"2026-09-24 14:05:00";0,623
"2026-09-24 14:10:00";0,575
"2026-09-24 14:15:00";0,559
"2026-09-24 14:20:00";0,563
"2026-09-24 14:25:00";0,559
"2026-09-24 14:30:00";0,549
"2026-09-24 14:35:00";0,544
"2026-09-24 14:40:00";0,533
"2026-09-24 14:45:00";0,56
"2026-09-24 14:50:00";0,527
"2026-09-24 14:55:00";0,524
"2026-09-24 15:00:00";0,523
"2026-09-24 15:05:00";0,508
"2026-09-24 15:10:00";0,499
"2026-09-24 15:15:00";0,498
"2026-09-24 15:20:00";0,497
"2026-09-24 15:25:00";0,511
"2026-09-24 15:30:00";0,541
"2026-09-24 15:35:00";0,491
"2026-09-24 15:40:00";0,48
"2026-09-24 15:45:00";0,492
"2026-09-24 15:50:00";0,477
"2026-09-24 15:55:00";0,509
"2026-09-24 16:00:00";0,487
"2026-09-24 16:05:00";0,478
"2026-09-24 16:10:00";0,484
"2026-09-24 16:15:00";0,479
"2026-09-24 16:20:00";0,495
"2026-09-24 16:25:00";0,463
"2026-09-24 16:30:00";0,469
"2026-09-24 16:35:00";0,473
"2026-09-24 16:40:00";0,474
"2026-09-24 16:45:00";0,465
"2026-09-24 16:50:00";0,481
"2026-09-24 16:55:00";0,503
"2026-09-24 17:00:00";0,491
"2026-09-24 17:05:00";0,457
"2026-09-24 17:10:00";0,458
"2026-09-24 17:15:00";0,458
"2026-09-24 17:20:00";0,482
"2026-09-24 17:25:00";0,453
"2026-09-24 17:30:00";0,452
"2026-09-24 17:35:00";0,482
"2026-09-24 17:40:00";0,45
"2026-09-24 17:45:00";0,481
"2026-09-24 17:50:00";0,471
"2026-09-24 17:55:00";0,483
"2026-09-24 18:00:00";0,448
"2026-09-24 18:05:00";0,447
"2026-09-24 18:10:00";0,51
"2026-09-24 18:15:00";0,466
"2026-09-24 18:20:00";0,436
"2026-09-24 18:25:00";0,498
"2026-09-24 18:30:00";0,438
"2026-09-24 18:35:00";0,445
"2026-09-24 18:40:00";0,449
"2026-09-24 18:45:00";0,5
"2026-09-24 18:50:00";0,449
"2026-09-24 18:55:00";0,481
"2026-09-24 19:00:00";0,409
"2026-09-24 19:05:00";0,311
"2026-09-24 19:10:00";0,135
"2026-09-24 19:15:00";0,001
"2026-09-24 19:20:00";-0,303
"2026-09-24 19:25:00";-0,394
"2026-09-24 19:30:00";-0,428
"2026-09-24 19:35:00";-0,492
"2026-09-24 19:40:00";-0,453
"2026-09-24 19:45:00";-0,458
"2026-09-24 19:50:00";-0,457
"2026-09-24 19:55:00";-0,462
"2026-09-24 20:00:00";-0,465
"2026-09-24 20:05:00";-0,466
"2026-09-24 20:10:00";-0,448
"2026-09-24 20:15:00";-0,446
"2026-09-24 20:20:00";-0,449
"2026-09-24 20:25:00";-0,448
"2026-09-24 20:30:00";-0,442
"2026-09-24 20:35:00";-0,448
"2026-09-24 20:40:00";-0,447
"2026-09-24 20:45:00";-0,445
"2026-09-24 20:50:00";-0,448
"2026-09-24 20:55:00";-0,448
"2026-09-24 21:00:00";-0,449
"2026-09-24 21:05:00";-0,449
"2026-09-24 21:10:00";-0,449
"2026-09-24 21:15:00";-0,45
"2026-09-24 21:20:00";-0,452
"2026-09-24 21:25:00";-0,45
"2026-09-24 21:30:00";-0,45
"2026-09-24 21:35:00";-0,45
"2026-09-24 21:40:00";-0,462
"2026-09-24 21:45:00";-0,458
"2026-09-24 21:50:00";-0,448
"2026-09-24 21:55:00";-0,451
"2026-09-24 22:00:00";-0,448
"2026-09-24 22:05:00";-0,447
"2026-09-24 22:10:00";-0,451
"2026-09-24 22:15:00";-0,45
"2026-09-24 22:20:00";-0,45
"2026-09-24 22:25:00";-0,449
"2026-09-24 22:30:00";-0,448
"2026-09-24 22:35:00";-0,447
"2026-09-24 22:40:00";-0,449
"2026-09-24 22:45:00";-0,449
"2026-09-24 22:50:00";-0,448
"2026-09-24 22:55:00";-0,447
"2026-09-24 23:00:00";-0,449
"2026-09-24 23:05:00";-0,447
"2026-09-24 23:10:00";-0,449
"2026-09-24 23:15:00";-0,449
"2026-09-24 23:20:00";-0,448
"2026-09-24 23:25:00";-0,448
"2026-09-24 23:30:00";-0,448
"2026-09-24 23:35:00";-0,449
"2026-09-24 23:40:00";-0,448
"2026-09-24 23:45:00";-0,448
"2026-09-24 23:50:00";-0,449
"2026-09-24 23:55:00";-0,448
"2026-09-25 00:00:00";-0,449
"2026-09-25 00:05:00";-0,446
"2026-09-25 00:10:00";-0,446
"2026-09-25 00:15:00";-0,448
"2026-09-25 00:20:00";-0,449
"2026-09-25 00:25:00";-0,448
"2026-09-25 00:30:00";-0,446
"2026-09-25 00:35:00";-0,446
"2026-09-25 00:40:00";-0,45
"2026-09-25 00:45:00";-0,448
"2026-09-25 00:50:00";-0,449
"2026-09-25 00:55:00";-0,448
"2026-09-25 01:00:00";-0,445
"2026-09-25 01:05:00";-0,447
"2026-09-25 01:10:00";-0,448
"2026-09-25 01:15:00";-0,45
"2026-09-25 01:20:00";-0,448
"2026-09-25 01:25:00";-0,448
"2026-09-25 01:30:00";-0,459
"2026-09-25 01:35:00";-0,448
"2026-09-25 01:40:00";-0,446
"2026-09-25 01:45:00";-0,448
"2026-09-25 01:50:00";-0,445
"2026-09-25 01:55:00";-0,448
"2026-09-25 02:00:00";-0,448
"2026-09-25 02:05:00";-0,446
"2026-09-25 02:10:00";-0,448
"2026-09-25 02:15:00";-0,44
"2026-09-25 02:20:00";-0,446
"2026-09-25 02:25:00";-0,445
"2026-09-25 02:30:00";-0,447
"2026-09-25 02:35:00";-0,447
"2026-09-25 02:40:00";-0,447
"2026-09-25 02:45:00";-0,447
"2026-09-25 02:50:00";-0,448
"2026-09-25 02:55:00";-0,447
"2026-09-25 03:00:00";-0,447
"2026-09-25 03:05:00";-0,447
"2026-09-25 03:10:00";-0,447
"2026-09-25 03:15:00";-0,448
"2026-09-25 03:20:00";-0,447
"2026-09-25 03:25:00";-0,447
"2026-09-25 03:30:00";-0,448
"2026-09-25 03:35:00";-0,448
"2026-09-25 03:40:00";-0,446
"2026-09-25 03:45:00";-0,447
"2026-09-25 03:50:00";-0,448
"2026-09-25 03:55:00";-0,449
"2026-09-25 04:00:00";-0,448
"2026-09-25 04:05:00";-0,447
"2026-09-25 04:10:00";-0,447
"2026-09-25 04:15:00";-0,446
"2026-09-25 04:20:00";-0,447
"2026-09-25 04:25:00";-0,445
"2026-09-25 04:30:00";-0,445
"2026-09-25 04:35:00";-0,448
"2026-09-25 04:40:00";-0,446
"2026-09-25 04:45:00";-0,448
"2026-09-25 04:50:00";-0,448
"2026-09-25 04:55:00";-0,446
"2026-09-25 05:00:00";-0,446
"2026-09-25 05:05:00";-0,447
"2026-09-25 05:10:00";-0,447
"2026-09-25 05:15:00";-0,447
"2026-09-25 05:20:00";-0,46
"2026-09-25 05:25:00";-0,445
"2026-09-25 05:30:00";-0,447
"2026-09-25 05:35:00";-0,446
"2026-09-25 05:40:00";-0,447
"2026-09-25 05:45:00";-0,446
"2026-09-25 05:50:00";-0,446
"2026-09-25 05:55:00";-0,441
"2026-09-25 06:00:00";-0,447
"2026-09-25 06:05:00";-0,447
"2026-09-25 06:10:00";-0,446
"2026-09-25 06:15:00";-0,447
"2026-09-25 06:20:00";-0,447
"2026-09-25 06:25:00";-0,446
"2026-09-25 06:30:00";-0,448
"2026-09-25 06:35:00";-0,445
"2026-09-25 06:40:00";-0,447
"2026-09-25 06:45:00";-0,448
"2026-09-25 06:50:00";-0,447
"2026-09-25 06:55:00";-0,447
"2026-09-25 07:00:00";-0,462
"2026-09-25 07:05:00";-0,462
"2026-09-25 07:10:00";-0,46
"2026-09-25 07:15:00";-0,458
"2026-09-25 07:20:00";-0,451
"2026-09-25 07:25:00";-0,443
"2026-09-25 07:30:00";-0,436
"2026-09-25 07:35:00";-0,43
"2026-09-25 07:40:00";-0,432
"2026-09-25 07:45:00";-0,438
"2026-09-25 07:50:00";-0,424
"2026-09-25 07:55:00";-0,395
"2026-09-25 08:00:00";-0,287
"2026-09-25 08:05:00";-0,308
"2026-09-25 08:10:00";-0,262
"2026-09-25 08:15:00";-0,273
"2026-09-25 08:20:00";-0,213
"2026-09-25 08:25:00";-0,131
"2026-09-25 08:30:00";-0,082
"2026-09-25 08:35:00";-0,113
"2026-09-25 08:40:00";-0,051
"2026-09-25 08:45:00";-0,01
"2026-09-25 08:50:00";0,021
"2026-09-25 08:55:00";0,035
"2026-09-25 09:00:00";0,085
"2026-09-25 09:05:00";0,046
"2026-09-25 09:10:00";0,129
"2026-09-25 09:15:00";0,133
"2026-09-25 09:20:00";0,207
"2026-09-25 09:25:00";0,227
"2026-09-25 09:30:00";0,279
"2026-09-25 09:35:00";0,273
"2026-09-25 09:40:00";0,24
"2026-09-25 09:45:00";0,291
"2026-09-25 09:50:00";0,279
"2026-09-25 09:55:00";0,323
"2026-09-25 10:00:00";0,423
"2026-09-25 10:05:00";0,523
"2026-09-25 10:10:00";0,624
"2026-09-25 10:15:00";0,762
"2026-09-25 10:20:00";0,817
"2026-09-25 10:25:00";0,977
"2026-09-25 10:30:00";2,834
"2026-09-25 10:35:00";2,823
"2026-09-25 10:40:00";2,836
"2026-09-25 10:45:00";2,835
"2026-09-25 10:50:00";2,835
"2026-09-25 10:55:00";2,833
"2026-09-25 11:00:00";2,831
"2026-09-25 11:05:00";2,829
"2026-09-25 11:10:00";2,832
"2026-09-25 11:15:00";2,829
"2026-09-25 11:20:00";2,828
"2026-09-25 11:25:00";2,834
"2026-09-25 11:30:00";2,82
"2026-09-25 11:35:00";2,601
"2026-09-25 11:40:00";2,476
"2026-09-25 11:45:00";2,375
"2026-09-25 11:50:00";2,283
"2026-09-25 11:55:00";2,188
"2026-09-25 12:00:00";2,115
"2026-09-25 12:05:00";2,035
"2026-09-25 12:10:00";1,982
"2026-09-25 12:15:00";1,911
"2026-09-25 12:20:00";1,897
"2026-09-25 12:25:00";1,837
"2026-09-25 12:30:00";1,75
"2026-09-25 12:35:00";1,698
"2026-09-25 12:40:00";1,696
"2026-09-25 12:45:00";1,686
"2026-09-25 12:50:00";1,63
"2026-09-25 12:55:00";1,605
"2026-09-25 13:00:00";1,565
"2026-09-25 13:05:00";1,515
"2026-09-25 13:10:00";1,552
"2026-09-25 13:15:00";1,49
"2026-09-25 13:20:00";1,434
"2026-09-25 13:25:00";1,412
"2026-09-25 13:30:00";1,388
"2026-09-25 13:35:00";0,929
"2026-09-25 13:40:00";0,911
"2026-09-25 13:45:00";0,866
"2026-09-25 13:50:00";0,833
"2026-09-25 13:55:00";0,819
"2026-09-25 14:00:00";0,777
"2026-09-25 14:05:00";0,795
"2026-09-25 14:10:00";0,772
"2026-09-25 14:15:00";0,742
"2026-09-25 14:20:00";0,749
"2026-09-25 14:25:00";0,713
"2026-09-25 14:30:00";0,697
"2026-09-25 14:35:00";0,703
"2026-09-25 14:40:00";0,715
"2026-09-25 14:45:00";0,663
"2026-09-25 14:50:00";0,64
"2026-09-25 14:55:00";0,637
"2026-09-25 15:00:00";0,643
"2026-09-25 15:05:00";0,596
"2026-09-25 15:10:00";0,577
"2026-09-25 15:15:00";0,612
"2026-09-25 15:20:00";0,552
"2026-09-25 15:25:00";0,585
"2026-09-25 15:30:00";0,55
"2026-09-25 15:35:00";0,606
"2026-09-25 15:40:00";0,539
"2026-09-25 15:45:00";0,574
"2026-09-25 15:50:00";0,561
"2026-09-25 15:55:00";0,579
"2026-09-25 16:00:00";0,526
"2026-09-25 16:05:00";0,495
"2026-09-25 16:10:00";0,484
"2026-09-25 16:15:00";0,494
"2026-09-25 16:20:00";0,525
"2026-09-25 16:25:00";0,56
"2026-09-25 16:30:00";0,519
"2026-09-25 16:35:00";0,527
"2026-09-25 16:40:00";0,483
"2026-09-25 16:45:00";0,48
"2026-09-25 16:50:00";0,494
"2026-09-25 16:55:00";0,556
"2026-09-25 17:00:00";0,503
"2026-09-25 17:05:00";0,491
"2026-09-25 17:10:00";0,304
"2026-09-25 17:15:00";0,313
"2026-09-25 17:20:00";0,275
"2026-09-25 17:25:00";0,281
"2026-09-25 17:30:00";0,222
"2026-09-25 17:35:00";0,232
"2026-09-25 17:40:00";0,205
"2026-09-25 17:45:00";0,202
"2026-09-25 17:50:00";0,173
"2026-09-25 17:55:00";0,133
"2026-09-25 18:00:00";0,13
"2026-09-25 18:05:00";0,081
"2026-09-25 18:10:00";0,105
"2026-09-25 18:15:00";0,088
"2026-09-25 18:20:00";0,026
"2026-09-25 18:25:00";0,007
"2026-09-25 18:30:00";-0,008
"2026-09-25 18:35:00";-0,026
"2026-09-25 18:40:00";-0,057
"2026-09-25 18:45:00";-0,097
"2026-09-25 18:50:00";-0,162
"2026-09-25 18:55:00";-0,17
"2026-09-25 19:00:00";-0,219
"2026-09-25 19:05:00";-0,245
"2026-09-25 19:10:00";-0,285
"2026-09-25 19:15:00";-0,344
"2026-09-25 19:20:00";-0,353
"2026-09-25 19:25:00";-0,428
"2026-09-25 19:30:00";-0,433
"2026-09-25 19:35:00";-0,472
"2026-09-25 19:40:00";-0,447
"2026-09-25 19:45:00";-0,456
"2026-09-25 19:50:00";-0,461
"2026-09-25 19:55:00";-0,464
"2026-09-25 20:00:00";-0,464
"2026-09-25 20:05:00";-0,447
"2026-09-25 20:10:00";-0,448
"2026-09-25 20:15:00";-0,448
"2026-09-25 20:20:00";-0,448
"2026-09-25 20:25:00";-0,449
"2026-09-25 20:30:00";-0,447
"2026-09-25 20:35:00";-0,447
"2026-09-25 20:40:00";-0,459
"2026-09-25 20:45:00";-0,448
"2026-09-25 20:50:00";-0,449
"2026-09-25 20:55:00";-0,449
"2026-09-25 21:00:00";-0,449
"2026-09-25 21:05:00";-0,45
"2026-09-25 21:10:00";-0,448
"2026-09-25 21:15:00";-0,448
"2026-09-25 21:20:00";-0,449
"2026-09-25 21:25:00";-0,448
"2026-09-25 21:30:00";-0,447
"2026-09-25 21:35:00";-0,449
"2026-09-25 21:40:00";-0,448
"2026-09-25 21:45:00";-0,448
"2026-09-25 21:50:00";-0,448
"2026-09-25 21:55:00";-0,448
"2026-09-25 22:00:00";-0,452
"2026-09-25 22:05:00";-0,45
"2026-09-25 22:10:00";-0,449
"2026-09-25 22:15:00";-0,447
"2026-09-25 22:20:00";-0,448
"2026-09-25 22:25:00";-0,448
"2026-09-25 22:30:00";-0,449
"2026-09-25 22:35:00";-0,451
"2026-09-25 22:40:00";-0,447
"2026-09-25 22:45:00";-0,448
"2026-09-25 22:50:00";-0,448
"2026-09-25 22:55:00";-0,446
"2026-09-25 23:00:00";-0,444
"2026-09-25 23:05:00";-0,448
"2026-09-25 23:10:00";-0,45
"2026-09-25 23:15:00";-0,449
"2026-09-25 23:20:00";-0,448
"2026-09-25 23:25:00";-0,448
"2026-09-25 23:30:00";-0,449
"2026-09-25 23:35:00";-0,446
"2026-09-25 23:40:00";-0,448
"2026-09-25 23:45:00";-0,45
"2026-09-25 23:50:00";-0,445
"2026-09-25 23:55:00";-0,447
"2026-09-26 00:00:00";-0,448
"2026-09-26 00:05:00";-0,448
"2026-09-26 00:10:00";-0,446
"2026-09-26 00:15:00";-0,446
"2026-09-26 00:20:00";-0,446
"2026-09-26 00:25:00";-0,441
"2026-09-26 00:30:00";-0,448
"2026-09-26 00:35:00";-0,448
"2026-09-26 00:40:00";-0,44
"2026-09-26 00:45:00";-0,448
"2026-09-26 00:50:00";-0,443
"2026-09-26 00:55:00";-0,455
"2026-09-26 01:00:00";-0,455
"2026-09-26 01:05:00";-0,445
"2026-09-26 01:10:00";-0,45
"2026-09-26 01:15:00";-0,449
"2026-09-26 01:20:00";-0,447
"2026-09-26 01:25:00";-0,448
"2026-09-26 01:30:00";-0,447
"2026-09-26 01:35:00";-0,459
"2026-09-26 01:40:00";-0,448
"2026-09-26 01:45:00";-0,444
"2026-09-26 01:50:00";-0,449
"2026-09-26 01:55:00";-0,445
"2026-09-26 02:00:00";-0,446
"2026-09-26 02:05:00";-0,449
"2026-09-26 02:10:00";-0,445
"2026-09-26 02:15:00";-0,447
"2026-09-26 02:20:00";-0,447
"2026-09-26 02:25:00";-0,448
"2026-09-26 02:30:00";-0,447
"2026-09-26 02:35:00";-0,446
"2026-09-26 02:40:00";-0,44
"2026-09-26 02:45:00";-0,446
"2026-09-26 02:50:00";-0,447
"2026-09-26 02:55:00";-0,447
"2026-09-26 03:00:00";-0,448
"2026-09-26 03:05:00";-0,448
"2026-09-26 03:10:00";-0,447
"2026-09-26 03:15:00";-0,448
"2026-09-26 03:20:00";-0,448
"2026-09-26 03:25:00";-0,447
"2026-09-26 03:30:00";-0,44
"2026-09-26 03:35:00";-0,448
"2026-09-26 03:40:00";-0,447
"2026-09-26 03:45:00";-0,447
"2026-09-26 03:50:00";-0,447
"2026-09-26 03:55:00";-0,447
"2026-09-26 04:00:00";-0,441
"2026-09-26 04:05:00";-0,447
"2026-09-26 04:10:00";-0,449
"2026-09-26 04:15:00";-0,44
"2026-09-26 04:20:00";-0,446
"2026-09-26 04:25:00";-0,447
"2026-09-26 04:30:00";-0,442
"2026-09-26 04:35:00";-0,448
"2026-09-26 04:40:00";-0,441
"2026-09-26 04:45:00";-0,446
"2026-09-26 04:50:00";-0,448
"2026-09-26 04:55:00";-0,448
"2026-09-26 05:00:00";-0,447
"2026-09-26 05:05:00";-0,449
"2026-09-26 05:10:00";-0,449
"2026-09-26 05:15:00";-0,447
"2026-09-26 05:20:00";-0,447
"2026-09-26 05:25:00";-0,458
"2026-09-26 05:30:00";-0,447
"2026-09-26 05:35:00";-0,447
"2026-09-26 05:40:00";-0,446
"2026-09-26 05:45:00";-0,445
"2026-09-26 05:50:00";-0,44
"2026-09-26 05:55:00";-0,44
"2026-09-26 06:00:00";-0,444
"2026-09-26 06:05:00";-0,446
"2026-09-26 06:10:00";-0,447
"2026-09-26 06:15:00";-0,447
"2026-09-26 06:20:00";-0,446
"2026-09-26 06:25:00";-0,446
"2026-09-26 06:30:00";-0,44
"2026-09-26 06:35:00";-0,449
"2026-09-26 06:40:00";-0,447
"2026-09-26 06:45:00";-0,446
"2026-09-26 06:50:00";-0,447
"2026-09-26 06:55:00";-0,449
"2026-09-26 07:00:00";-0,44
"2026-09-26 07:05:00";-0,464
"2026-09-26 07:10:00";-0,462
"2026-09-26 07:15:00";-0,46
"2026-09-26 07:20:00";-0,458
"2026-09-26 07:25:00";-0,45
"2026-09-26 07:30:00";-0,442
"2026-09-26 07:35:00";-0,45
"2026-09-26 07:40:00";-0,44
"2026-09-26 07:45:00";-0,4
"2026-09-26 07:50:00";-0,405
"2026-09-26 07:55:00";-0,311
"2026-09-26 08:00:00";-0,275
"2026-09-26 08:05:00";-0,204
"2026-09-26 08:10:00";-0,225
"2026-09-26 08:15:00";-0,179
"2026-09-26 08:20:00";-0,181
"2026-09-26 08:25:00";-0,141
"2026-09-26 08:30:00";-0,096
"2026-09-26 08:35:00";-0,057
"2026-09-26 08:40:00";-0,099
"2026-09-26 08:45:00";-0,033
"2026-09-26 08:50:00";-0,073
"2026-09-26 08:55:00";0,011
"2026-09-26 09:00:00";0,02
"2026-09-26 09:05:00";0,069
"2026-09-26 09:10:00";0,034
"2026-09-26 09:15:00";0,059
"2026-09-26 09:20:00";0,016
"2026-09-26 09:25:00";0,111
"2026-09-26 09:30:00";0,115
"2026-09-26 09:35:00";0,144
"2026-09-26 09:40:00";0,089
"2026-09-26 09:45:00";0,151
"2026-09-26 09:50:00";0,201
"2026-09-26 09:55:00";0,206
"2026-09-26 10:00:00";0,21
"2026-09-26 10:05:00";0,253
"2026-09-26 10:10:00";0,277
"2026-09-26 10:15:00";0,336
"2026-09-26 10:20:00";0,407
"2026-09-26 10:25:00";0,529
"2026-09-26 10:30:00";0,781
"2026-09-26 10:35:00";2,829
"2026-09-26 10:40:00";2,828
"2026-09-26 10:45:00";2,834
"2026-09-26 10:50:00";2,834
"2026-09-26 10:55:00";2,832
"2026-09-26 11:00:00";2,832
"2026-09-26 11:05:00";2,838
"2026-09-26 11:10:00";2,831
"2026-09-26 11:15:00";2,836
"2026-09-26 11:20:00";2,828
"2026-09-26 11:25:00";2,83
"2026-09-26 11:30:00";2,833
"2026-09-26 11:35:00";2,827
"2026-09-26 11:40:00";2,829
"2026-09-26 11:45:00";2,801
"2026-09-26 11:50:00";2,664
"2026-09-26 11:55:00";2,45
"2026-09-26 12:00:00";2,354
"2026-09-26 12:05:00";2,32
"2026-09-26 12:10:00";2,261
"2026-09-26 12:15:00";2,167
"2026-09-26 12:20:00";2,15
"2026-09-26 12:25:00";2,056
"2026-09-26 12:30:00";1,993
"2026-09-26 12:35:00";1,787
"2026-09-26 12:40:00";1,713
"2026-09-26 12:45:00";1,688
"2026-09-26 12:50:00";1,733
"2026-09-26 12:55:00";1,769
"2026-09-26 13:00:00";1,719
"2026-09-26 13:05:00";1,653
"2026-09-26 13:10:00";1,631
"2026-09-26 13:15:00";1,535
"2026-09-26 13:20:00";1,515
"2026-09-26 13:25:00";1,487
"2026-09-26 13:30:00";1,467
"2026-09-26 13:35:00";1,479
"2026-09-26 13:40:00";1,4
"2026-09-26 13:45:00";0,951
"2026-09-26 13:50:00";0,934
"2026-09-26 13:55:00";0,865
"2026-09-26 14:00:00";0,876
"2026-09-26 14:05:00";0,819
"2026-09-26 14:10:00";0,827
"2026-09-26 14:15:00";0,793
"2026-09-26 14:20:00";0,764
"2026-09-26 14:25:00";0,766
"2026-09-26 14:30:00";0,767
"2026-09-26 14:35:00";0,751
"2026-09-26 14:40:00";0,728
"2026-09-26 14:45:00";0,708
"2026-09-26 14:50:00";0,7
"2026-09-26 14:55:00";0,69
"2026-09-26 15:00:00";0,681
"2026-09-26 15:05:00";0,706
"2026-09-26 15:10:00";0,646
"2026-09-26 15:15:00";0,637
"2026-09-26 15:20:00";0,627
"2026-09-26 15:25:00";0,618
"2026-09-26 15:30:00";0,611
"2026-09-26 15:35:00";0,586
"2026-09-26 15:40:00";0,589
"2026-09-26 15:45:00";0,591
"2026-09-26 15:50:00";0,583
"2026-09-26 15:55:00";0,571
"2026-09-26 16:00:00";0,63
"2026-09-26 16:05:00";0,544
"2026-09-26 16:10:00";0,553
"2026-09-26 16:15:00";0,561
"2026-09-26 16:20:00";0,54
"2026-09-26 16:25:00";0,515
"2026-09-26 16:30:00";0,549
"2026-09-26 16:35:00";0,525
"2026-09-26 16:40:00";0,518
"2026-09-26 16:45:00";0,515
"2026-09-26 16:50:00";0,551
"2026-09-26 16:55:00";0,51
"2026-09-26 17:00:00";0,501
"2026-09-26 17:05:00";0,495
"2026-09-26 17:10:00";0,437
"2026-09-26 17:15:00";0,34
"2026-09-26 17:20:00";0,296
"2026-09-26 17:25:00";0,283
"2026-09-26 17:30:00";0,306
"2026-09-26 17:35:00";0,271
"2026-09-26 17:40:00";0,27
"2026-09-26 17:45:00";0,239
"2026-09-26 17:50:00";0,219
"2026-09-26 17:55:00";0,224
"2026-09-26 18:00:00";0,193
"2026-09-26 18:05:00";0,15
"2026-09-26 18:10:00";0,167
"2026-09-26 18:15:00";0,07
"2026-09-26 18:20:00";0,096
"2026-09-26 18:25:00";0,055
"2026-09-26 18:30:00";0,02
"2026-09-26 18:35:00";-0,014
"2026-09-26 18:40:00";-0,041
"2026-09-26 18:45:00";-0,102
"2026-09-26 18:50:00";-0,096
"2026-09-26 18:55:00";-0,181
"2026-09-26 19:00:00";-0,279
"2026-09-26 19:05:00";-0,242
"2026-09-26 19:10:00";-0,234
"2026-09-26 19:15:00";-0,26
"2026-09-26 19:20:00";-0,319
"2026-09-26 19:25:00";-0,425
"2026-09-26 19:30:00";-0,449
"2026-09-26 19:35:00";-0,462
"2026-09-26 19:40:00";-0,468
"2026-09-26 19:45:00";-0,455
"2026-09-26 19:50:00";-0,461
"2026-09-26 19:55:00";-0,465
"2026-09-26 20:00:00";-0,463
"2026-09-26 20:05:00";-0,448
"2026-09-26 20:10:00";-0,447
"2026-09-26 20:15:00";-0,449
"2026-09-26 20:20:00";-0,449
"2026-09-26 20:25:00";-0,448
"2026-09-26 20:30:00";-0,449
"2026-09-26 20:35:00";-0,452
"2026-09-26 20:40:00";-0,448
"2026-09-26 20:45:00";-0,465
"2026-09-26 20:50:00";-0,448
"2026-09-26 20:55:00";-0,448
"2026-09-26 21:00:00";-0,45
"2026-09-26 21:05:00";-0,449
"2026-09-26 21:10:00";-0,449
"2026-09-26 21:15:00";-0,449
"2026-09-26 21:20:00";-0,45
"2026-09-26 21:25:00";-0,449
"2026-09-26 21:30:00";-0,45
"2026-09-26 21:35:00";-0,448
"2026-09-26 21:40:00";-0,449
"2026-09-26 21:45:00";-0,447
"2026-09-26 21:50:00";-0,449
"2026-09-26 21:55:00";-0,449
"2026-09-26 22:00:00";-0,449
"2026-09-26 22:05:00";-0,449
"2026-09-26 22:10:00";-0,451
"2026-09-26 22:15:00";-0,449
"2026-09-26 22:20:00";-0,451
"2026-09-26 22:25:00";-0,448
"2026-09-26 22:30:00";-0,448
"2026-09-26 22:35:00";-0,449
"2026-09-26 22:40:00";-0,449
"2026-09-26 22:45:00";-0,446
"2026-09-26 22:50:00";-0,448
"2026-09-26 22:55:00";-0,449
"2026-09-26 23:00:00";-0,449
"2026-09-26 23:05:00";-0,449
"2026-09-26 23:10:00";-0,446
"2026-09-26 23:15:00";-0,449
"2026-09-26 23:20:00";-0,448
"2026-09-26 23:25:00";-0,448
"2026-09-26 23:30:00";-0,447
"2026-09-26 23:35:00";-0,448
"2026-09-26 23:40:00";-0,446
"2026-09-26 23:45:00";-0,447
"2026-09-26 23:50:00";-0,446
"2026-09-26 23:55:00";-0,448
"2026-09-27 00:00:00";-0,445
"2026-09-27 00:05:00";-0,447
"2026-09-27 00:10:00";-0,446
"2026-09-27 00:15:00";-0,449
"2026-09-27 00:20:00";-0,447
"2026-09-27 00:25:00";-0,448
"2026-09-27 00:30:00";-0,448
"2026-09-27 00:35:00";-0,46
"2026-09-27 00:40:00";-0,448
"2026-09-27 00:45:00";-0,449
"2026-09-27 00:50:00";-0,449
"2026-09-27 00:55:00";-0,448
"2026-09-27 01:00:00";-0,448
"2026-09-27 01:05:00";-0,448
"2026-09-27 01:10:00";-0,447
"2026-09-27 01:15:00";-0,448
"2026-09-27 01:20:00";-0,448
"2026-09-27 01:25:00";-0,447
"2026-09-27 01:30:00";-0,448
"2026-09-27 01:35:00";-0,448
"2026-09-27 01:40:00";-0,448
"2026-09-27 01:45:00";-0,449
"2026-09-27 01:50:00";-0,449
"2026-09-27 01:55:00";-0,447
"2026-09-27 02:00:00";-0,448
"2026-09-27 02:05:00";-0,449
"2026-09-27 02:10:00";-0,448
"2026-09-27 02:15:00";-0,446
"2026-09-27 02:20:00";-0,448
"2026-09-27 02:25:00";-0,447
"2026-09-27 02:30:00";-0,447
"2026-09-27 02:35:00";-0,446
"2026-09-27 02:40:00";-0,447
"2026-09-27 02:45:00";-0,448
"2026-09-27 02:50:00";-0,448
"2026-09-27 02:55:00";-0,446
"2026-09-27 03:00:00";-0,448
"2026-09-27 03:05:00";-0,446
"2026-09-27 03:10:00";-0,448
"2026-09-27 03:15:00";-0,448
"2026-09-27 03:20:00";-0,448
"2026-09-27 03:25:00";-0,449
"2026-09-27 03:30:00";-0,448
"2026-09-27 03:35:00";-0,448
"2026-09-27 03:40:00";-0,447
"2026-09-27 03:45:00";-0,447
"2026-09-27 03:50:00";-0,446
"2026-09-27 03:55:00";-0,448
"2026-09-27 04:00:00";-0,446
"2026-09-27 04:05:00";-0,446
"2026-09-27 04:10:00";-0,447
"2026-09-27 04:15:00";-0,447
"2026-09-27 04:20:00";-0,446
"2026-09-27 04:25:00";-0,458
"2026-09-27 04:30:00";-0,449
"2026-09-27 04:35:00";-0,447
"2026-09-27 04:40:00";-0,447
"2026-09-27 04:45:00";-0,446
"2026-09-27 04:50:00";-0,447
"2026-09-27 04:55:00";-0,446
"2026-09-27 05:00:00";-0,446
"2026-09-27 05:05:00";-0,447
"2026-09-27 05:10:00";-0,446
"2026-09-27 05:15:00";-0,447
"2026-09-27 05:20:00";-0,449
"2026-09-27 05:25:00";-0,448
"2026-09-27 05:30:00";-0,448
"2026-09-27 05:35:00";-0,449
"2026-09-27 05:40:00";-0,447
"2026-09-27 05:45:00";-0,448
"2026-09-27 05:50:00";-0,447
"2026-09-27 05:55:00";-0,448
"2026-09-27 06:00:00";-0,447
"2026-09-27 06:05:00";-0,444
"2026-09-27 06:10:00";-0,447
"2026-09-27 06:15:00";-0,448
"2026-09-27 06:20:00";-0,447
"2026-09-27 06:25:00";-0,446
"2026-09-27 06:30:00";-0,446
"2026-09-27 06:35:00";-0,446
"2026-09-27 06:40:00";-0,446
"2026-09-27 06:45:00";-0,446
"2026-09-27 06:50:00";-0,446
"2026-09-27 06:55:00";-0,445
"2026-09-27 07:00:00";-0,447
"2026-09-27 07:05:00";-0,461
"2026-09-27 07:10:00";-0,464
"2026-09-27 07:15:00";-0,458
"2026-09-27 07:20:00";-0,455
"2026-09-27 07:25:00";-0,451
"2026-09-27 07:30:00";-0,441
"2026-09-27 07:35:00";-0,429
"2026-09-27 07:40:00";-0,444
"2026-09-27 07:45:00";-0,409
"2026-09-27 07:50:00";-0,348
"2026-09-27 07:55:00";-0,291
"2026-09-27 08:00:00";-0,222
"2026-09-27 08:05:00";-0,229
"2026-09-27 08:10:00";-0,157
"2026-09-27 08:15:00";-0,143
"2026-09-27 08:20:00";-0,081
"2026-09-27 08:25:00";-0,021
"2026-09-27 08:30:00";-0,069
"2026-09-27 08:35:00";0,021
"2026-09-27 08:40:00";0,041
"2026-09-27 08:45:00";0,08
"2026-09-27 08:50:00";0,111
"2026-09-27 08:55:00";0,182
"2026-09-27 09:00:00";0,196
"2026-09-27 09:05:00";0,25
"2026-09-27 09:10:00";0,291
"2026-09-27 09:15:00";0,275
"2026-09-27 09:20:00";0,335
"2026-09-27 09:25:00";0,369
"2026-09-27 09:30:00";0,374
"2026-09-27 09:35:00";0,372
"2026-09-27 09:40:00";0,38
"2026-09-27 09:45:00";0,414
"2026-09-27 09:50:00";0,445
"2026-09-27 09:55:00";0,48
"2026-09-27 10:00:00";0,493
"2026-09-27 10:05:00";0,548
"2026-09-27 10:10:00";0,579
"2026-09-27 10:15:00";0,591
"2026-09-27 10:20:00";0,63
"2026-09-27 10:25:00";0,714
"2026-09-27 10:30:00";0,775
"2026-09-27 10:35:00";2,6
"2026-09-27 10:40:00";2,835
"2026-09-27 10:45:00";2,834
"2026-09-27 10:50:00";2,833
"2026-09-27 10:55:00";2,832
"2026-09-27 11:00:00";2,833
"2026-09-27 11:05:00";2,833
"2026-09-27 11:10:00";2,831
"2026-09-27 11:15:00";2,831
"2026-09-27 11:20:00";2,828
"2026-09-27 11:25:00";2,829
"2026-09-27 11:30:00";2,825
"2026-09-27 11:35:00";2,793
"2026-09-27 11:40:00";2,709
"2026-09-27 11:45:00";2,601
"2026-09-27 11:50:00";2,483
"2026-09-27 11:55:00";2,434
"2026-09-27 12:00:00";2,295
"2026-09-27 12:05:00";2,219
"2026-09-27 12:10:00";2,182
"2026-09-27 12:15:00";2,068
"2026-09-27 12:20:00";2,002
"2026-09-27 12:25:00";1,941
"2026-09-27 12:30:00";1,878
"2026-09-27 12:35:00";1,87
"2026-09-27 12:40:00";1,779
"2026-09-27 12:45:00";1,736
"2026-09-27 12:50:00";1,703
"2026-09-27 12:55:00";1,656
"2026-09-27 13:00:00";1,631
"2026-09-27 13:05:00";1,593
"2026-09-27 13:10:00";1,551
"2026-09-27 13:15:00";1,526
"2026-09-27 13:20:00";1,512
"2026-09-27 13:25:00";1,447
"2026-09-27 13:30:00";1,414
"2026-09-27 13:35:00";0,867
"2026-09-27 13:40:00";0,904
"2026-09-27 13:45:00";0,866
"2026-09-27 13:50:00";0,895
"2026-09-27 13:55:00";0,816
"2026-09-27 14:00:00";0,8
"2026-09-27 14:05:00";0,782
"2026-09-27 14:10:00";0,772
"2026-09-27 14:15:00";0,759
"2026-09-27 14:20:00";0,741
"2026-09-27 14:25:00";0,722
"2026-09-27 14:30:00";0,697
"2026-09-27 14:35:00";0,688
"2026-09-27 14:40:00";0,675
"2026-09-27 14:45:00";0,714
"2026-09-27 14:50:00";0,652
"2026-09-27 14:55:00";0,652
"2026-09-27 15:00:00";0,619
"2026-09-27 15:05:00";0,655
"2026-09-27 15:10:00";0,628
"2026-09-27 15:15:00";0,6
"2026-09-27 15:20:00";0,581
"2026-09-27 15:25:00";0,629
"2026-09-27 15:30:00";0,573
"2026-09-27 15:35:00";0,582
"2026-09-27 15:40:00";0,558
"2026-09-27 15:45:00";0,556
"2026-09-27 15:50:00";0,554
"2026-09-27 15:55:00";0,54
"2026-09-27 16:00:00";0,515
"2026-09-27 16:05:00";0,52
"2026-09-27 16:10:00";0,504
"2026-09-27 16:15:00";0,501
"2026-09-27 16:20:00";0,511
"2026-09-27 16:25:00";0,513
"2026-09-27 16:30:00";0,495
"2026-09-27 16:35:00";0,507
"2026-09-27 16:40:00";0,503
"2026-09-27 16:45:00";0,474
"2026-09-27 16:50:00";0,52
"2026-09-27 16:55:00";0,493
"2026-09-27 17:00:00";0,518
"2026-09-27 17:05:00";0,455
"2026-09-27 17:10:00";0,485
"2026-09-27 17:15:00";0,505
"2026-09-27 17:20:00";0,483
"2026-09-27 17:25:00";0,511
"2026-09-27 17:30:00";0,503
"2026-09-27 17:35:00";0,456
"2026-09-27 17:40:00";0,468
"2026-09-27 17:45:00";0,48
"2026-09-27 17:50:00";0,475
"2026-09-27 17:55:00";0,471
"2026-09-27 18:00:00";0,489
"2026-09-27 18:05:00";0,477
"2026-09-27 18:10:00";0,491
"2026-09-27 18:15:00";0,45
"2026-09-27 18:20:00";0,47
"2026-09-27 18:25:00";0,501
"2026-09-27 18:30:00";0,517
"2026-09-27 18:35:00";0,485
"2026-09-27 18:40:00";0,488
"2026-09-27 18:45:00";0,366
"2026-09-27 18:50:00";0,293
"2026-09-27 18:55:00";0,151
"2026-09-27 19:00:00";-0,075
"2026-09-27 19:05:00";-0,19
"2026-09-27 19:10:00";-0,298
"2026-09-27 19:15:00";-0,387
"2026-09-27 19:20:00";-0,408
"2026-09-27 19:25:00";-0,461
"2026-09-27 19:30:00";-0,472
"2026-09-27 19:35:00";-0,48
"2026-09-27 19:40:00";-0,452
"2026-09-27 19:45:00";-0,462
"2026-09-27 19:50:00";-0,47
"2026-09-27 19:55:00";-0,464
"2026-09-27 20:00:00";-0,45
"2026-09-27 20:05:00";-0,449
"2026-09-27 20:10:00";-0,45
"2026-09-27 20:15:00";-0,449
"2026-09-27 20:20:00";-0,453
"2026-09-27 20:25:00";-0,453
"2026-09-27 20:30:00";-0,449
"2026-09-27 20:35:00";-0,452
"2026-09-27 20:40:00";-0,444
"2026-09-27 20:45:00";-0,449
"2026-09-27 20:50:00";-0,449
"2026-09-27 20:55:00";-0,451
"2026-09-27 21:00:00";-0,45
"2026-09-27 21:05:00";-0,447
"2026-09-27 21:10:00";-0,449
"2026-09-27 21:15:00";-0,453
"2026-09-27 21:20:00";-0,45
"2026-09-27 21:25:00";-0,451